Video_Name,Start_Time,End_Time
V1,01.01.2018 00:47:00,01.01.2018 03:54:00
V2,01.01.2018 00:52:00,01.01.2018 02:03:00
V3,01.01.2018 00:55:00,01.01.2018 04:59:00
V4,02.01.2018 08:57:00,02.01.2018 13:16:00
V5,02.01.2018 01:00:00,01.01.2018 05:12:00
V6,02.01.2018 01:27:00,02.01.2018 02:24:00
V7,02.01.2018 01:33:00,02.01.2018 04:38:00
V8,03.01.2018 01:34:00,03.01.2018 03:47:00
V9,03.01.2018 01:37:00,03.01.2018 04:41:00
V10,03.01.2018 01:38:00,03.01.2018 03:41:00
V11,03.01.2018 01:39:00,03.01.2018 05:55:00
